model,n,flips,asr,ci_low,ci_high
Claude Haiku 4.5,90,8,0.08888888888888889,0.045730492536794475,0.16570546626054086
GPT-5.4,90,8,0.08888888888888889,0.045730492536794475,0.16570546626054086
Gemini 3.5 Flash,90,6,0.06666666666666667,0.030909927745827924,0.13790094774325526
Llama 3.1 8B,90,0,0.0,0.0,0.04093562556432678
Qwen3 32B,90,6,0.06666666666666667,0.030909927745827924,0.13790094774325526
