human_off_rate,n,flips,asr,ci_low,ci_high
0.0,225,20,0.08888888888888889,0.05827830714577196,0.1333017459032936
0.2,225,15,0.06666666666666667,0.040813658285514004,0.10706801925269022
0.4,225,47,0.2088888888888889,0.16088017340972496,0.2666711073979917
0.6,225,50,0.2222222222222222,0.172819247810579,0.2809510583036544
0.8,225,27,0.12,0.08379544170650682,0.16896233705776453
1.0,225,5,0.022222222222222223,0.009528480583491664,0.050956445932989904
