model,loo_min_asr,loo_max_asr,range
Claude Haiku 4.5,0.14559386973180077,0.17624521072796934,0.030651340996168563
GPT-5.4,0.06130268199233716,0.08045977011494253,0.019157088122605366
Gemini 3.5 Flash,0.04980842911877394,0.06896551724137931,0.019157088122605366
Llama 3.1 8B,0.1417624521072797,0.1724137931034483,0.03065134099616859
Qwen3 32B,0.10344827586206896,0.13026819923371646,0.0268199233716475
