model,n,flips,asr,ci_low,ci_high
Claude Haiku 4.5,810,142,0.17530864197530865,0.15067316580018913,0.20300930601415412
GPT-5.4,810,82,0.10123456790123457,0.08230787329353229,0.12392573277503377
Gemini 3.5 Flash,810,77,0.09506172839506173,0.07673193523365772,0.11721426535609357
Llama 3.1 8B,810,136,0.16790123456790124,0.1437411382681724,0.19519644697159313
Qwen3 32B,810,96,0.11851851851851852,0.09803989920154227,0.14259844220770512
