Model,Pairs,Flip Rate,Mean $\Delta$JSD,Flip Directionality
Claude Haiku 4.5,810,0.17530864197530865,-0.018907179761673935,71.8\% not$\rightarrow$off
GPT-5.4,810,0.10123456790123457,0.02496201550945333,65.9\% not$\rightarrow$off
Gemini 3.5 Flash,810,0.09506172839506173,0.011371612323141848,57.1\% not$\rightarrow$off
Llama 3.1 8B,810,0.16790123456790124,0.02047515826186809,83.8\% off$\rightarrow$not
Qwen3 32B,810,0.11851851851851852,0.02646069407369733,55.2\% off$\rightarrow$not
