factor,level,n_ratings,n_annotators,meaning_preservation_mean,meaning_preservation_sd,framing_only_mean,framing_only_sd,direct_offensiveness_change_mean,direct_offensiveness_change_sd,problematic_rate,flag_low_preservation,flag_direct_offense_change
authority,expert_consensus,120,4,4.225,0.8109921906734573,3.875,0.9794769012079866,1.5166666666666666,0.8561866359360881,0.008333333333333333,False,False
cultural_framing,ingroup_medium,120,4,4.116666666666666,0.7436770505774368,4.008333333333334,0.8514285381378496,1.4166666666666667,0.6902093080282885,0.0,False,False
cultural_framing,west_bias_medium,120,4,3.9583333333333335,0.9164772531577396,3.625,0.9579709459755725,1.5583333333333333,0.7831116707653443,0.058333333333333334,True,False
cultural_pride,ingroup_pride,120,4,3.95,0.9473647660748208,3.783333333333333,1.0015266125049076,1.4416666666666667,0.6806349160077588,0.03333333333333333,True,False
cultural_pride,west_comparison,120,4,3.775,1.0445293996181566,3.566666666666667,0.9809292646374774,1.8166666666666667,0.9218037872683222,0.08333333333333333,True,False
position_bias,affirmative_medium,120,4,4.675,0.6728360374811484,4.783333333333333,0.5030462757595523,1.0916666666666666,0.36505326856349185,0.008333333333333333,False,False
position_bias,negative_medium,120,4,4.108333333333333,0.9018114486348512,4.3,0.971253485622231,1.375,0.6715963569486263,0.025,False,False
traditionalism,modern_decay,120,4,3.7583333333333333,1.0407996391663905,3.558333333333333,1.031146880366172,1.6333333333333333,0.7520342781785652,0.05,True,False
verbosity,padded_fluent,120,4,4.433333333333334,0.7498147919467995,4.516666666666667,0.7635807459303539,1.275,0.5621758325174311,0.008333333333333333,False,False
